{"cameraMode":{"drawMode":0,"name":"Shaded","section":"Shading Mode"},"sceneLighting":true,"audioPlay":false,"sceneViewState":{"showFog":true,"showMaterialUpdate":false,"showSkybox":true,"showFlares":true,"showImageEffects":true,"showParticleSystems":true},"in2DMode":false,"pivot":{"x":-179.3984375,"y":143.48138427734376,"z":434.03192138671877},"rotation":{"x":-0.22043409943580628,"y":0.5248143076896668,"z":-0.14288172125816346,"w":-0.8096692562103272},"size":567.7954711914063,"orthographic":false}